<?xml version="1.0" encoding="UTF-8"?>
<!DOCTYPE mapper PUBLIC "-//mybatis.org//DTD Mapper 3.0//EN" "http://mybatis.org/dtd/mybatis-3-mapper.dtd">
<mapper namespace="com.shangyd.jcartadministrationback.dao.AdministratorMapper">
  <resultMap id="BaseResultMap" type="com.shangyd.jcartadministrationback.po.Administrator">
    <id column="administrator_id" jdbcType="INTEGER" property="administratorId" />
    <result column="username" jdbcType="VARCHAR" property="username" />
    <result column="real_name" jdbcType="VARCHAR" property="realName" />
    <result column="email" jdbcType="VARCHAR" property="email" />
    <result column="encrypted_password" jdbcType="VARCHAR" property="encryptedPassword" />
    <result column="status" jdbcType="TINYINT" property="status" />
    <result column="create_time" jdbcType="TIMESTAMP" property="createTime" />
    <result column="avatar_url" jdbcType="VARCHAR" property="avatarUrl" />
  </resultMap>
  <sql id="Base_Column_List">
    administrator_id, username, real_name, email, encrypted_password, status, create_time, 
    avatar_url
  </sql>
  <select id="selectByPrimaryKey" parameterType="java.lang.Integer" resultMap="BaseResultMap">
    select 
    <include refid="Base_Column_List" />
    from jcart_administrator
    where administrator_id = #{administratorId,jdbcType=INTEGER}
  </select>
  <delete id="deleteByPrimaryKey" parameterType="java.lang.Integer">
    delete from jcart_administrator
    where administrator_id = #{administratorId,jdbcType=INTEGER}
  </delete>
  <insert id="insert" parameterType="com.shangyd.jcartadministrationback.po.Administrator">
    insert into jcart_administrator (administrator_id, username, real_name, 
      email, encrypted_password, status, 
      create_time, avatar_url)
    values (#{administratorId,jdbcType=INTEGER}, #{username,jdbcType=VARCHAR}, #{realName,jdbcType=VARCHAR}, 
      #{email,jdbcType=VARCHAR}, #{encryptedPassword,jdbcType=VARCHAR}, #{status,jdbcType=TINYINT}, 
      #{createTime,jdbcType=TIMESTAMP}, #{avatarUrl,jdbcType=VARCHAR})
  </insert>
  <insert id="insertSelective" parameterType="com.shangyd.jcartadministrationback.po.Administrator">
    insert into jcart_administrator
    <trim prefix="(" suffix=")" suffixOverrides=",">
      <if test="administratorId != null">
        administrator_id,
      </if>
      <if test="username != null">
        username,
      </if>
      <if test="realName != null">
        real_name,
      </if>
      <if test="email != null">
        email,
      </if>
      <if test="encryptedPassword != null">
        encrypted_password,
      </if>
      <if test="status != null">
        status,
      </if>
      <if test="createTime != null">
        create_time,
      </if>
      <if test="avatarUrl != null">
        avatar_url,
      </if>
    </trim>
    <trim prefix="values (" suffix=")" suffixOverrides=",">
      <if test="administratorId != null">
        #{administratorId,jdbcType=INTEGER},
      </if>
      <if test="username != null">
        #{username,jdbcType=VARCHAR},
      </if>
      <if test="realName != null">
        #{realName,jdbcType=VARCHAR},
      </if>
      <if test="email != null">
        #{email,jdbcType=VARCHAR},
      </if>
      <if test="encryptedPassword != null">
        #{encryptedPassword,jdbcType=VARCHAR},
      </if>
      <if test="status != null">
        #{status,jdbcType=TINYINT},
      </if>
      <if test="createTime != null">
        #{createTime,jdbcType=TIMESTAMP},
      </if>
      <if test="avatarUrl != null">
        #{avatarUrl,jdbcType=VARCHAR},
      </if>
    </trim>
  </insert>
  <update id="updateByPrimaryKeySelective" parameterType="com.shangyd.jcartadministrationback.po.Administrator">
    update jcart_administrator
    <set>
      <if test="username != null">
        username = #{username,jdbcType=VARCHAR},
      </if>
      <if test="realName != null">
        real_name = #{realName,jdbcType=VARCHAR},
      </if>
      <if test="email != null">
        email = #{email,jdbcType=VARCHAR},
      </if>
      <if test="encryptedPassword != null">
        encrypted_password = #{encryptedPassword,jdbcType=VARCHAR},
      </if>
      <if test="status != null">
        status = #{status,jdbcType=TINYINT},
      </if>
      <if test="createTime != null">
        create_time = #{createTime,jdbcType=TIMESTAMP},
      </if>
      <if test="avatarUrl != null">
        avatar_url = #{avatarUrl,jdbcType=VARCHAR},
      </if>
    </set>
    where administrator_id = #{administratorId,jdbcType=INTEGER}
  </update>
  <update id="updateByPrimaryKey" parameterType="com.shangyd.jcartadministrationback.po.Administrator">
    update jcart_administrator
    set username = #{username,jdbcType=VARCHAR},
      real_name = #{realName,jdbcType=VARCHAR},
      email = #{email,jdbcType=VARCHAR},
      encrypted_password = #{encryptedPassword,jdbcType=VARCHAR},
      status = #{status,jdbcType=TINYINT},
      create_time = #{createTime,jdbcType=TIMESTAMP},
      avatar_url = #{avatarUrl,jdbcType=VARCHAR}
    where administrator_id = #{administratorId,jdbcType=INTEGER}
  </update>
  <select id="getByUsername" parameterType="java.lang.String" resultMap="BaseResultMap">
    select
    <include refid="Base_Column_List" />
    from jcart_administrator
    where username = #{username,jdbcType=VARCHAR}
  </select>
  <select id="getSearch" resultMap="BaseResultMap">
    select
    <include refid="Base_Column_List" />
    from jcart_administrator
  </select>
</mapper>