<?xml version="1.0" encoding="UTF-8"?>
<!DOCTYPE mapper PUBLIC "-//mybatis.org//DTD Mapper 3.0//EN" "http://mybatis.org/dtd/mybatis-3-mapper.dtd">
<mapper namespace="com.shangyd.jcartstoreback.dao.OrderMapper">
  <resultMap id="BaseResultMap" type="com.shangyd.jcartstoreback.po.Order">
    <id column="order_id" jdbcType="BIGINT" property="orderId" />
    <result column="customer_id" jdbcType="INTEGER" property="customerId" />
    <result column="status" jdbcType="TINYINT" property="status" />
    <result column="total_price" jdbcType="DOUBLE" property="totalPrice" />
    <result column="reword_points" jdbcType="INTEGER" property="rewordPoints" />
    <result column="create_time" jdbcType="TIMESTAMP" property="createTime" />
    <result column="update_time" jdbcType="TIMESTAMP" property="updateTime" />
  </resultMap>
  <sql id="Base_Column_List">
    order_id, customer_id, status, total_price, reword_points, create_time, update_time
  </sql>
  <select id="selectByPrimaryKey" parameterType="java.lang.Long" resultMap="BaseResultMap">
    select 
    <include refid="Base_Column_List" />
    from jcart_order
    where order_id = #{orderId,jdbcType=BIGINT}
  </select>
  <delete id="deleteByPrimaryKey" parameterType="java.lang.Long">
    delete from jcart_order
    where order_id = #{orderId,jdbcType=BIGINT}
  </delete>
  <insert id="insert" parameterType="com.shangyd.jcartstoreback.po.Order">
    insert into jcart_order (order_id, customer_id, status, 
      total_price, reword_points, create_time, 
      update_time)
    values (#{orderId,jdbcType=BIGINT}, #{customerId,jdbcType=INTEGER}, #{status,jdbcType=TINYINT}, 
      #{totalPrice,jdbcType=DOUBLE}, #{rewordPoints,jdbcType=INTEGER}, #{createTime,jdbcType=TIMESTAMP}, 
      #{updateTime,jdbcType=TIMESTAMP})
  </insert>
  <insert id="insertSelective" parameterType="com.shangyd.jcartstoreback.po.Order" useGeneratedKeys="true" keyProperty="orderId">
    insert into jcart_order
    <trim prefix="(" suffix=")" suffixOverrides=",">
      <if test="customerId != null">
        customer_id,
      </if>
      <if test="status != null">
        status,
      </if>
      <if test="totalPrice != null">
        total_price,
      </if>
      <if test="rewordPoints != null">
        reword_points,
      </if>
      <if test="createTime != null">
        create_time,
      </if>
      <if test="updateTime != null">
        update_time,
      </if>
    </trim>
    <trim prefix="values (" suffix=")" suffixOverrides=",">
      <if test="customerId != null">
        #{customerId,jdbcType=INTEGER},
      </if>
      <if test="status != null">
        #{status,jdbcType=TINYINT},
      </if>
      <if test="totalPrice != null">
        #{totalPrice,jdbcType=DOUBLE},
      </if>
      <if test="rewordPoints != null">
        #{rewordPoints,jdbcType=INTEGER},
      </if>
      <if test="createTime != null">
        #{createTime,jdbcType=TIMESTAMP},
      </if>
      <if test="updateTime != null">
        #{updateTime,jdbcType=TIMESTAMP},
      </if>
    </trim>
  </insert>
  <update id="updateByPrimaryKeySelective" parameterType="com.shangyd.jcartstoreback.po.Order">
    update jcart_order
    <set>
      <if test="customerId != null">
        customer_id = #{customerId,jdbcType=INTEGER},
      </if>
      <if test="status != null">
        status = #{status,jdbcType=TINYINT},
      </if>
      <if test="totalPrice != null">
        total_price = #{totalPrice,jdbcType=DOUBLE},
      </if>
      <if test="rewordPoints != null">
        reword_points = #{rewordPoints,jdbcType=INTEGER},
      </if>
      <if test="createTime != null">
        create_time = #{createTime,jdbcType=TIMESTAMP},
      </if>
      <if test="updateTime != null">
        update_time = #{updateTime,jdbcType=TIMESTAMP},
      </if>
    </set>
    where order_id = #{orderId,jdbcType=BIGINT}
  </update>
  <update id="updateByPrimaryKey" parameterType="com.shangyd.jcartstoreback.po.Order">
    update jcart_order
    set customer_id = #{customerId,jdbcType=INTEGER},
      status = #{status,jdbcType=TINYINT},
      total_price = #{totalPrice,jdbcType=DOUBLE},
      reword_points = #{rewordPoints,jdbcType=INTEGER},
      create_time = #{createTime,jdbcType=TIMESTAMP},
      update_time = #{updateTime,jdbcType=TIMESTAMP}
    where order_id = #{orderId,jdbcType=BIGINT}
  </update>
</mapper>